fixture_id,fixture_opta_id,gameweek,team_h_id,team_h_opta_id,team_h_name,team_h_short_name,team_a_id,team_a_opta_id,team_a_name,team_a_short_name,team_h_score,team_a_score,kickoff_time,finished,started,team_h_difficulty,team_a_difficulty
4,2575112,1,4,5191,Casa Pia AC,CPAC,14,255,Sporting CP,SCP,0,2,2025-08-08T19:15:00Z,True,True,,
3,2575118,1,5,2003,CD Nacional,CDN,9,666,Gil Vicente FC,GVFC,0,2,2025-08-09T14:30:00Z,True,True,,
1,2575115,1,1,5674,FC Arouca,FCA,2,20477,AFS,AFS,3,1,2025-08-09T19:30:00Z,True,True,,
7,2575119,1,8,6644,FC Famalicão,FCF,12,3084,Santa Clara,CDSC,3,0,2025-08-10T16:00:00Z,True,True,,
8,2575117,1,10,3536,Moreirense FC,MFC,17,3531,FC Alverca,ALV,2,1,2025-08-10T19:30:00Z,True,True,,
9,2575113,1,13,372,SC Braga,SCB,18,6685,CD Tondela,CDT,3,0,2025-08-10T19:30:00Z,True,True,,
5,2575116,1,6,2273,Estoril Praia,EPF,7,17370,Estrela Amadora,CFEA,1,1,2025-08-11T17:45:00Z,True,True,,
6,2575120,1,16,201,FC Porto,FCP,15,371,Vitória SC,VSC,3,0,2025-08-11T19:45:00Z,True,True,,
10,2575121,2,2,20477,AFS,AFS,4,5191,Casa Pia AC,CPAC,0,2,2025-08-15T14:45:00Z,True,True,,
17,2575128,2,18,6685,CD Tondela,CDT,8,6644,FC Famalicão,FCF,0,1,2025-08-16T14:30:00Z,True,True,,
18,2575126,2,15,371,Vitória SC,VSC,6,2273,Estoril Praia,EPF,3,2,2025-08-16T17:00:00Z,True,True,,
12,2575129,2,7,17370,Estrela Amadora,CFEA,3,251,SL Benfica,SLB,0,1,2025-08-16T19:30:00Z,True,True,,
14,2575125,2,11,2847,Rio Ave FC,RAFC,5,2003,CD Nacional,CDN,1,1,2025-08-17T14:30:00Z,True,True,,
11,2575122,2,17,3531,FC Alverca,ALV,13,372,SC Braga,SCB,0,3,2025-08-17T17:00:00Z,True,True,,
15,2575124,2,12,3084,Santa Clara,CDSC,10,3536,Moreirense FC,MFC,0,1,2025-08-17T17:00:00Z,True,True,,
16,2575127,2,14,255,Sporting CP,SCP,1,5674,FC Arouca,FCA,6,0,2025-08-17T19:30:00Z,True,True,,
13,2575123,2,9,666,Gil Vicente FC,GVFC,16,201,FC Porto,FCP,0,2,2025-08-18T19:15:00Z,True,True,,
26,2575138,3,10,3536,Moreirense FC,MFC,15,371,Vitória SC,VSC,2,0,2025-08-23T15:00:00Z,True,True,,
21,2575130,3,5,2003,CD Nacional,CDN,14,255,Sporting CP,SCP,1,4,2025-08-23T17:00:00Z,True,True,,
19,2575131,3,1,5674,FC Arouca,FCA,11,2847,Rio Ave FC,RAFC,3,3,2025-08-23T19:30:00Z,True,True,,
20,2575133,3,3,251,SL Benfica,SLB,18,6685,CD Tondela,CDT,3,0,2025-08-23T19:30:00Z,True,True,,
25,2575132,3,8,6644,FC Famalicão,FCF,9,666,Gil Vicente FC,GVFC,0,0,2025-08-24T14:30:00Z,True,True,,
24,2575135,3,16,201,FC Porto,FCP,4,5191,Casa Pia AC,CPAC,4,0,2025-08-24T17:00:00Z,True,True,,
27,2575134,3,13,372,SC Braga,SCB,2,20477,AFS,AFS,2,2,2025-08-24T19:30:00Z,True,True,,
23,2575136,3,7,17370,Estrela Amadora,CFEA,17,3531,FC Alverca,ALV,2,2,2025-08-25T19:15:00Z,True,True,,
31,2575142,4,9,666,Gil Vicente FC,GVFC,10,3536,Moreirense FC,MFC,2,0,2025-08-29T19:15:00Z,True,True,,
30,2575140,4,4,5191,Casa Pia AC,CPAC,5,2003,CD Nacional,CDN,0,2,2025-08-30T14:30:00Z,True,True,,
28,2575139,4,2,20477,AFS,AFS,8,6644,FC Famalicão,FCF,0,1,2025-08-30T17:00:00Z,True,True,,
36,2575145,4,15,371,Vitória SC,VSC,1,5674,FC Arouca,FCA,1,1,2025-08-30T17:00:00Z,True,True,,
34,2575146,4,14,255,Sporting CP,SCP,16,201,FC Porto,FCP,1,2,2025-08-30T19:30:00Z,True,True,,
35,2575144,4,18,6685,CD Tondela,CDT,6,2273,Estoril Praia,EPF,2,2,2025-08-31T14:30:00Z,True,True,,
29,2575141,4,17,3531,FC Alverca,ALV,3,251,SL Benfica,SLB,1,2,2025-08-31T17:00:00Z,True,True,,
32,2575147,4,11,2847,Rio Ave FC,RAFC,13,372,SC Braga,SCB,2,2,2025-08-31T19:30:00Z,True,True,,
33,2575143,4,12,3084,Santa Clara,CDSC,7,17370,Estrela Amadora,CFEA,0,0,2025-08-31T19:30:00Z,True,True,,
22,2575137,4,6,2273,Estoril Praia,EPF,12,3084,Santa Clara,CDSC,0,1,2025-09-06T19:30:00Z,True,True,,
37,2575149,5,17,3531,FC Alverca,ALV,18,6685,CD Tondela,CDT,1,0,2025-09-12T19:15:00Z,True,True,,
39,2575154,5,3,251,SL Benfica,SLB,12,3084,Santa Clara,CDSC,1,1,2025-09-12T19:15:00Z,True,True,,
40,2575155,5,6,2273,Estoril Praia,EPF,2,20477,AFS,AFS,3,1,2025-09-13T14:30:00Z,True,True,,
44,2575152,5,10,3536,Moreirense FC,MFC,11,2847,Rio Ave FC,RAFC,3,1,2025-09-13T14:30:00Z,True,True,,
42,2575156,5,16,201,FC Porto,FCP,5,2003,CD Nacional,CDN,1,0,2025-09-13T17:00:00Z,True,True,,
43,2575151,5,8,6644,FC Famalicão,FCF,14,255,Sporting CP,SCP,1,2,2025-09-13T19:30:00Z,True,True,,
41,2575148,5,7,17370,Estrela Amadora,CFEA,15,371,Vitória SC,VSC,0,2,2025-09-14T14:30:00Z,True,True,,
38,2575150,5,1,5674,FC Arouca,FCA,4,5191,Casa Pia AC,CPAC,0,2,2025-09-14T17:00:00Z,True,True,,
45,2575153,5,13,372,SC Braga,SCB,9,666,Gil Vicente FC,GVFC,0,1,2025-09-14T19:30:00Z,True,True,,
50,2575163,6,11,2847,Rio Ave FC,RAFC,16,201,FC Porto,FCP,0,3,2025-09-19T19:15:00Z,True,True,,
47,2575162,6,5,2003,CD Nacional,CDN,1,5674,FC Arouca,FCA,1,2,2025-09-20T14:30:00Z,True,True,,
51,2575161,6,12,3084,Santa Clara,CDSC,17,3531,FC Alverca,ALV,2,1,2025-09-20T14:30:00Z,True,True,,
46,2575157,6,2,20477,AFS,AFS,3,251,SL Benfica,SLB,0,3,2025-09-20T17:00:00Z,True,True,,
54,2575165,6,15,371,Vitória SC,VSC,13,372,SC Braga,SCB,1,1,2025-09-20T19:30:00Z,True,True,,
53,2575160,6,18,6685,CD Tondela,CDT,7,17370,Estrela Amadora,CFEA,0,0,2025-09-21T14:30:00Z,True,True,,
49,2575159,6,9,666,Gil Vicente FC,GVFC,6,2273,Estoril Praia,EPF,2,0,2025-09-21T17:00:00Z,True,True,,
48,2575158,6,4,5191,Casa Pia AC,CPAC,8,6644,FC Famalicão,FCF,1,1,2025-09-21T19:30:00Z,True,True,,
52,2575164,6,14,255,Sporting CP,SCP,10,3536,Moreirense FC,MFC,3,0,2025-09-22T19:15:00Z,True,True,,
2,2575114,6,3,251,SL Benfica,SLB,11,2847,Rio Ave FC,RAFC,1,1,2025-09-23T19:15:00Z,True,True,,
57,2575172,7,3,251,SL Benfica,SLB,9,666,Gil Vicente FC,GVFC,2,1,2025-09-26T19:15:00Z,True,True,,
61,2575174,7,10,3536,Moreirense FC,MFC,4,5191,Casa Pia AC,CPAC,2,1,2025-09-27T14:30:00Z,True,True,,
62,2575170,7,12,3084,Santa Clara,CDSC,18,6685,CD Tondela,CDT,1,2,2025-09-27T15:30:00Z,True,True,,
59,2575173,7,7,17370,Estrela Amadora,CFEA,2,20477,AFS,AFS,3,0,2025-09-27T17:00:00Z,True,True,,
58,2575166,7,6,2273,Estoril Praia,EPF,14,255,Sporting CP,SCP,0,1,2025-09-27T19:30:00Z,True,True,,
55,2575167,7,17,3531,FC Alverca,ALV,15,371,Vitória SC,VSC,2,0,2025-09-28T14:30:00Z,True,True,,
63,2575171,7,13,372,SC Braga,SCB,5,2003,CD Nacional,CDN,0,1,2025-09-28T17:00:00Z,True,True,,
60,2575169,7,8,6644,FC Famalicão,FCF,11,2847,Rio Ave FC,RAFC,0,0,2025-09-28T19:30:00Z,True,True,,
56,2575168,7,1,5674,FC Arouca,FCA,16,201,FC Porto,FCP,0,4,2025-09-29T19:00:00Z,True,True,,
67,2575176,8,4,5191,Casa Pia AC,CPAC,6,2273,Estoril Praia,EPF,2,2,2025-10-03T19:15:00Z,True,True,,
66,2575180,8,5,2003,CD Nacional,CDN,10,3536,Moreirense FC,MFC,3,2,2025-10-04T14:30:00Z,True,True,,
69,2575179,8,9,666,Gil Vicente FC,GVFC,7,17370,Estrela Amadora,CFEA,2,0,2025-10-04T14:30:00Z,True,True,,
64,2575175,8,2,20477,AFS,AFS,17,3531,FC Alverca,ALV,1,3,2025-10-04T17:00:00Z,True,True,,
72,2575181,8,15,371,Vitória SC,VSC,12,3084,Santa Clara,CDSC,2,1,2025-10-04T19:30:00Z,True,True,,
65,2575177,8,1,5674,FC Arouca,FCA,8,6644,FC Famalicão,FCF,1,1,2025-10-05T14:30:00Z,True,True,,
70,2575178,8,11,2847,Rio Ave FC,RAFC,18,6685,CD Tondela,CDT,3,0,2025-10-05T16:30:00Z,True,True,,
71,2575182,8,14,255,Sporting CP,SCP,13,372,SC Braga,SCB,1,1,2025-10-05T18:15:00Z,True,True,,
68,2575183,8,16,201,FC Porto,FCP,3,251,SL Benfica,SLB,0,0,2025-10-05T20:15:00Z,True,True,,
73,2575186,9,17,3531,FC Alverca,ALV,9,666,Gil Vicente FC,GVFC,0,4,2025-10-24T19:15:00Z,True,True,,
79,2575190,9,12,3084,Santa Clara,CDSC,2,20477,AFS,AFS,2,0,2025-10-25T17:00:00Z,True,True,,
76,2575185,9,7,17370,Estrela Amadora,CFEA,11,2847,Rio Ave FC,RAFC,1,2,2025-10-25T19:30:00Z,True,True,,
74,2575191,9,3,251,SL Benfica,SLB,1,5674,FC Arouca,FCA,5,0,2025-10-25T19:30:00Z,True,True,,
75,2575184,9,6,2273,Estoril Praia,EPF,5,2003,CD Nacional,CDN,1,1,2025-10-26T15:30:00Z,True,True,,
77,2575187,9,8,6644,FC Famalicão,FCF,15,371,Vitória SC,VSC,2,0,2025-10-26T15:30:00Z,True,True,,
81,2575192,9,18,6685,CD Tondela,CDT,14,255,Sporting CP,SCP,0,3,2025-10-26T18:00:00Z,True,True,,
80,2575189,9,13,372,SC Braga,SCB,4,5191,Casa Pia AC,CPAC,4,0,2025-10-26T20:30:00Z,True,True,,
78,2575188,9,10,3536,Moreirense FC,MFC,16,201,FC Porto,FCP,1,2,2025-10-27T20:15:00Z,True,True,,
89,2575197,10,14,255,Sporting CP,SCP,17,3531,FC Alverca,ALV,2,0,2025-10-31T20:15:00Z,True,True,,
84,2575198,10,5,2003,CD Nacional,CDN,8,6644,FC Famalicão,FCF,0,1,2025-11-01T15:30:00Z,True,True,,
85,2575194,10,4,5191,Casa Pia AC,CPAC,7,17370,Estrela Amadora,CFEA,3,5,2025-11-01T18:00:00Z,True,True,,
88,2575196,10,11,2847,Rio Ave FC,RAFC,6,2273,Estoril Praia,EPF,0,4,2025-11-01T18:00:00Z,True,True,,
90,2575201,10,15,371,Vitória SC,VSC,3,251,SL Benfica,SLB,0,3,2025-11-01T20:30:00Z,True,True,,
82,2575193,10,2,20477,AFS,AFS,18,6685,CD Tondela,CDT,2,2,2025-11-02T15:30:00Z,True,True,,
83,2575195,10,1,5674,FC Arouca,FCA,10,3536,Moreirense FC,MFC,0,2,2025-11-02T18:00:00Z,True,True,,
86,2575200,10,16,201,FC Porto,FCP,13,372,SC Braga,SCB,2,1,2025-11-02T20:30:00Z,True,True,,
87,2575199,10,9,666,Gil Vicente FC,GVFC,12,3084,Santa Clara,CDSC,1,0,2025-11-03T20:45:00Z,True,True,,
94,2575209,11,6,2273,Estoril Praia,EPF,1,5674,FC Arouca,FCA,4,3,2025-11-07T20:15:00Z,True,True,,
92,2575204,11,17,3531,FC Alverca,ALV,11,2847,Rio Ave FC,RAFC,1,1,2025-11-08T15:30:00Z,True,True,,
99,2575210,11,18,6685,CD Tondela,CDT,15,371,Vitória SC,VSC,0,1,2025-11-08T18:00:00Z,True,True,,
97,2575206,11,12,3084,Santa Clara,CDSC,14,255,Sporting CP,SCP,1,2,2025-11-08T20:30:00Z,True,True,,
91,2575202,11,2,20477,AFS,AFS,9,666,Gil Vicente FC,GVFC,1,1,2025-11-09T15:30:00Z,True,True,,
95,2575203,11,7,17370,Estrela Amadora,CFEA,5,2003,CD Nacional,CDN,1,1,2025-11-09T15:30:00Z,True,True,,
96,2575205,11,8,6644,FC Famalicão,FCF,16,201,FC Porto,FCP,0,1,2025-11-09T18:00:00Z,True,True,,
93,2575208,11,3,251,SL Benfica,SLB,4,5191,Casa Pia AC,CPAC,2,2,2025-11-09T20:30:00Z,True,True,,
98,2575207,11,13,372,SC Braga,SCB,10,3536,Moreirense FC,MFC,2,1,2025-11-09T20:30:00Z,True,True,,
108,2575213,12,15,371,Vitória SC,VSC,2,20477,AFS,AFS,4,0,2025-11-28T20:15:00Z,True,True,,
102,2575216,12,4,5191,Casa Pia AC,CPAC,17,3531,FC Alverca,ALV,0,2,2025-11-29T15:30:00Z,True,True,,
105,2575217,12,10,3536,Moreirense FC,MFC,8,6644,FC Famalicão,FCF,2,2,2025-11-29T15:30:00Z,True,True,,
101,2575219,12,5,2003,CD Nacional,CDN,3,251,SL Benfica,SLB,1,2,2025-11-29T18:00:00Z,True,True,,
104,2575212,12,9,666,Gil Vicente FC,GVFC,18,6685,CD Tondela,CDT,0,1,2025-11-29T20:30:00Z,True,True,,
106,2575218,12,11,2847,Rio Ave FC,RAFC,12,3084,Santa Clara,CDSC,1,1,2025-11-30T15:30:00Z,True,True,,
107,2575215,12,14,255,Sporting CP,SCP,7,17370,Estrela Amadora,CFEA,4,0,2025-11-30T18:00:00Z,True,True,,
103,2575214,12,16,201,FC Porto,FCP,6,2273,Estoril Praia,EPF,1,0,2025-11-30T20:30:00Z,True,True,,
100,2575211,12,1,5674,FC Arouca,FCA,13,372,SC Braga,SCB,0,4,2025-12-01T20:15:00Z,True,True,,
111,2575224,13,3,251,SL Benfica,SLB,14,255,Sporting CP,SCP,1,1,2025-12-05T20:15:00Z,True,True,,
115,2575223,13,12,3084,Santa Clara,CDSC,4,5191,Casa Pia AC,CPAC,1,0,2025-12-06T15:30:00Z,True,True,,
109,2575220,13,2,20477,AFS,AFS,11,2847,Rio Ave FC,RAFC,1,2,2025-12-06T18:00:00Z,True,True,,
114,2575228,13,8,6644,FC Famalicão,FCF,13,372,SC Braga,SCB,1,2,2025-12-06T20:30:00Z,True,True,,
112,2575221,13,6,2273,Estoril Praia,EPF,10,3536,Moreirense FC,MFC,3,3,2025-12-07T15:30:00Z,True,True,,
113,2575226,13,7,17370,Estrela Amadora,CFEA,1,5674,FC Arouca,FCA,3,1,2025-12-07T18:00:00Z,True,True,,
110,2575222,13,17,3531,FC Alverca,ALV,5,2003,CD Nacional,CDN,1,0,2025-12-07T18:00:00Z,True,True,,
116,2575227,13,18,6685,CD Tondela,CDT,16,201,FC Porto,FCP,0,2,2025-12-07T20:30:00Z,True,True,,
117,2575225,13,15,371,Vitória SC,VSC,9,666,Gil Vicente FC,GVFC,0,0,2025-12-08T20:30:00Z,True,True,,
120,2575229,14,4,5191,Casa Pia AC,CPAC,9,666,Gil Vicente FC,GVFC,1,1,2025-12-13T15:30:00Z,True,True,,
124,2575237,14,11,2847,Rio Ave FC,RAFC,15,371,Vitória SC,VSC,0,1,2025-12-13T18:00:00Z,True,True,,
126,2575232,14,14,255,Sporting CP,SCP,2,20477,AFS,AFS,6,0,2025-12-13T20:30:00Z,True,True,,
122,2575233,14,8,6644,FC Famalicão,FCF,6,2273,Estoril Praia,EPF,4,0,2025-12-14T15:30:00Z,True,True,,
123,2575236,14,10,3536,Moreirense FC,MFC,3,251,SL Benfica,SLB,0,4,2025-12-14T18:00:00Z,True,True,,
118,2575235,14,1,5674,FC Arouca,FCA,17,3531,FC Alverca,ALV,1,0,2025-12-14T20:30:00Z,True,True,,
119,2575230,14,5,2003,CD Nacional,CDN,18,6685,CD Tondela,CDT,3,1,2025-12-15T17:30:00Z,True,True,,
125,2575231,14,13,372,SC Braga,SCB,12,3084,Santa Clara,CDSC,1,0,2025-12-15T18:45:00Z,True,True,,
121,2575234,14,16,201,FC Porto,FCP,7,17370,Estrela Amadora,CFEA,3,1,2025-12-15T20:45:00Z,True,True,,
130,2575246,15,6,2273,Estoril Praia,EPF,13,372,SC Braga,SCB,1,0,2025-12-19T20:15:00Z,True,True,,
132,2575241,15,9,666,Gil Vicente FC,GVFC,11,2847,Rio Ave FC,RAFC,2,2,2025-12-20T18:00:00Z,True,True,,
131,2575239,15,7,17370,Estrela Amadora,CFEA,10,3536,Moreirense FC,MFC,0,0,2025-12-20T20:30:00Z,True,True,,
127,2575238,15,2,20477,AFS,AFS,5,2003,CD Nacional,CDN,2,2,2025-12-21T15:30:00Z,True,True,,
134,2575244,15,18,6685,CD Tondela,CDT,4,5191,Casa Pia AC,CPAC,1,2,2025-12-21T18:00:00Z,True,True,,
133,2575245,15,12,3084,Santa Clara,CDSC,1,5674,FC Arouca,FCA,0,0,2025-12-21T20:30:00Z,True,True,,
128,2575240,15,17,3531,FC Alverca,ALV,16,201,FC Porto,FCP,0,3,2025-12-22T18:45:00Z,True,True,,
129,2575242,15,3,251,SL Benfica,SLB,8,6644,FC Famalicão,FCF,1,0,2025-12-22T20:45:00Z,True,True,,
135,2575243,15,15,371,Vitória SC,VSC,14,255,Sporting CP,SCP,1,4,2025-12-23T20:45:00Z,True,True,,
141,2575251,16,8,6644,FC Famalicão,FCF,7,17370,Estrela Amadora,CFEA,2,3,2025-12-27T18:00:00Z,True,True,,
139,2575252,16,6,2273,Estoril Praia,EPF,17,3531,FC Alverca,ALV,4,1,2025-12-27T20:30:00Z,True,True,,
138,2575247,16,4,5191,Casa Pia AC,CPAC,15,371,Vitória SC,VSC,0,0,2025-12-28T15:30:00Z,True,True,,
136,2575248,16,1,5674,FC Arouca,FCA,9,666,Gil Vicente FC,GVFC,2,2,2025-12-28T15:30:00Z,True,True,,
143,2575255,16,13,372,SC Braga,SCB,3,251,SL Benfica,SLB,2,2,2025-12-28T18:00:00Z,True,True,,
144,2575253,16,14,255,Sporting CP,SCP,11,2847,Rio Ave FC,RAFC,4,0,2025-12-28T20:30:00Z,True,True,,
140,2575250,16,16,201,FC Porto,FCP,2,20477,AFS,AFS,2,0,2025-12-29T20:15:00Z,True,True,,
149,2575258,17,9,666,Gil Vicente FC,GVFC,14,255,Sporting CP,SCP,1,1,2026-01-02T18:45:00Z,True,True,,
153,2575261,17,15,371,Vitória SC,VSC,5,2003,CD Nacional,CDN,2,1,2026-01-02T20:45:00Z,True,True,,
152,2575263,17,18,6685,CD Tondela,CDT,1,5674,FC Arouca,FCA,3,1,2026-01-03T15:30:00Z,True,True,,
148,2575264,17,7,17370,Estrela Amadora,CFEA,13,372,SC Braga,SCB,3,3,2026-01-03T18:00:00Z,True,True,,
147,2575260,17,3,251,SL Benfica,SLB,6,2273,Estoril Praia,EPF,3,1,2026-01-03T18:00:00Z,True,True,,
145,2575256,17,2,20477,AFS,AFS,10,3536,Moreirense FC,MFC,0,2,2026-01-03T20:30:00Z,True,True,,
150,2575262,17,11,2847,Rio Ave FC,RAFC,4,5191,Casa Pia AC,CPAC,3,1,2026-01-04T15:30:00Z,True,True,,
151,2575259,17,12,3084,Santa Clara,CDSC,16,201,FC Porto,FCP,0,1,2026-01-04T18:00:00Z,True,True,,
146,2575257,17,17,3531,FC Alverca,ALV,8,6644,FC Famalicão,FCF,1,0,2026-01-04T20:30:00Z,True,True,,
137,2575254,18,5,2003,CD Nacional,CDN,12,3084,Santa Clara,CDSC,3,3,2026-01-11T15:30:00Z,True,True,,
142,2575249,18,10,3536,Moreirense FC,MFC,18,6685,CD Tondela,CDT,1,0,2026-01-11T18:00:00Z,True,True,,
160,2575265,18,14,255,Sporting CP,SCP,4,5191,Casa Pia AC,CPAC,3,0,2026-01-16T20:15:00Z,True,True,,
157,2575271,18,9,666,Gil Vicente FC,GVFC,5,2003,CD Nacional,CDN,2,1,2026-01-17T15:30:00Z,True,True,,
154,2575268,18,2,20477,AFS,AFS,1,5674,FC Arouca,FCA,0,1,2026-01-17T18:00:00Z,True,True,,
155,2575270,18,17,3531,FC Alverca,ALV,10,3536,Moreirense FC,MFC,2,1,2026-01-17T18:00:00Z,True,True,,
158,2575267,18,11,2847,Rio Ave FC,RAFC,3,251,SL Benfica,SLB,0,2,2026-01-17T20:30:00Z,True,True,,
159,2575272,18,12,3084,Santa Clara,CDSC,8,6644,FC Famalicão,FCF,0,1,2026-01-18T15:30:00Z,True,True,,
161,2575266,18,18,6685,CD Tondela,CDT,13,372,SC Braga,SCB,0,1,2026-01-18T18:00:00Z,True,True,,
162,2575273,18,15,371,Vitória SC,VSC,16,201,FC Porto,FCP,0,1,2026-01-18T20:30:00Z,True,True,,
156,2575269,18,7,17370,Estrela Amadora,CFEA,6,2273,Estoril Praia,EPF,0,5,2026-01-19T20:15:00Z,True,True,,
166,2575274,19,4,5191,Casa Pia AC,CPAC,2,20477,AFS,AFS,3,3,2026-01-23T20:15:00Z,True,True,,
170,2575277,19,10,3536,Moreirense FC,MFC,12,3084,Santa Clara,CDSC,1,0,2026-01-24T15:30:00Z,True,True,,
163,2575280,19,1,5674,FC Arouca,FCA,14,255,Sporting CP,SCP,1,2,2026-01-24T18:00:00Z,True,True,,
167,2575279,19,6,2273,Estoril Praia,EPF,15,371,Vitória SC,VSC,4,2,2026-01-24T20:30:00Z,True,True,,
165,2575278,19,5,2003,CD Nacional,CDN,11,2847,Rio Ave FC,RAFC,4,0,2026-01-25T15:30:00Z,True,True,,
169,2575281,19,8,6644,FC Famalicão,FCF,18,6685,CD Tondela,CDT,3,0,2026-01-25T18:00:00Z,True,True,,
164,2575282,19,3,251,SL Benfica,SLB,7,17370,Estrela Amadora,CFEA,4,0,2026-01-25T18:00:00Z,True,True,,
171,2575275,19,13,372,SC Braga,SCB,17,3531,FC Alverca,ALV,5,0,2026-01-25T20:30:00Z,True,True,,
168,2575276,19,16,201,FC Porto,FCP,9,666,Gil Vicente FC,GVFC,3,0,2026-01-26T20:15:00Z,True,True,,
180,2575291,20,15,371,Vitória SC,VSC,10,3536,Moreirense FC,MFC,1,0,2026-01-30T20:45:00Z,True,True,,
177,2575290,20,12,3084,Santa Clara,CDSC,6,2273,Estoril Praia,EPF,2,4,2026-01-31T15:30:00Z,True,True,,
176,2575284,20,11,2847,Rio Ave FC,RAFC,1,5674,FC Arouca,FCA,0,3,2026-01-31T18:00:00Z,True,True,,
173,2575289,20,17,3531,FC Alverca,ALV,7,17370,Estrela Amadora,CFEA,1,1,2026-01-31T20:30:00Z,True,True,,
175,2575285,20,9,666,Gil Vicente FC,GVFC,8,6644,FC Famalicão,FCF,5,0,2026-02-01T15:30:00Z,True,True,,
178,2575283,20,14,255,Sporting CP,SCP,5,2003,CD Nacional,CDN,2,1,2026-02-01T18:00:00Z,True,True,,
179,2575286,20,18,6685,CD Tondela,CDT,3,251,SL Benfica,SLB,0,0,2026-02-01T20:30:00Z,True,True,,
172,2575287,20,2,20477,AFS,AFS,13,372,SC Braga,SCB,0,4,2026-02-02T18:45:00Z,True,True,,
174,2575288,20,4,5191,Casa Pia AC,CPAC,16,201,FC Porto,FCP,2,1,2026-02-02T20:45:00Z,True,True,,
185,2575296,21,7,17370,Estrela Amadora,CFEA,12,3084,Santa Clara,CDSC,1,0,2026-02-07T15:30:00Z,True,True,,
188,2575295,21,10,3536,Moreirense FC,MFC,9,666,Gil Vicente FC,GVFC,1,2,2026-02-07T15:30:00Z,True,True,,
184,2575297,21,6,2273,Estoril Praia,EPF,18,6685,CD Tondela,CDT,2,2,2026-02-07T18:00:00Z,True,True,,
181,2575298,21,1,5674,FC Arouca,FCA,15,371,Vitória SC,VSC,3,2,2026-02-07T20:30:00Z,True,True,,
183,2575293,21,5,2003,CD Nacional,CDN,4,5191,Casa Pia AC,CPAC,0,0,2026-02-08T15:30:00Z,True,True,,
189,2575300,21,13,372,SC Braga,SCB,11,2847,Rio Ave FC,RAFC,3,0,2026-02-08T18:00:00Z,True,True,,
182,2575294,21,3,251,SL Benfica,SLB,17,3531,FC Alverca,ALV,2,1,2026-02-08T20:30:00Z,True,True,,
187,2575292,21,8,6644,FC Famalicão,FCF,2,20477,AFS,AFS,3,1,2026-02-09T18:45:00Z,True,True,,
186,2575299,21,16,201,FC Porto,FCP,14,255,Sporting CP,SCP,1,1,2026-02-09T20:45:00Z,True,True,,
195,2575307,22,12,3084,Santa Clara,CDSC,3,251,SL Benfica,SLB,1,2,2026-02-13T18:30:00Z,True,True,,
197,2575302,22,18,6685,CD Tondela,CDT,17,3531,FC Alverca,ALV,1,1,2026-02-13T20:45:00Z,True,True,,
192,2575303,22,4,5191,Casa Pia AC,CPAC,1,5674,FC Arouca,FCA,3,2,2026-02-14T15:30:00Z,True,True,,
198,2575301,22,15,371,Vitória SC,VSC,7,17370,Estrela Amadora,CFEA,2,1,2026-02-14T18:00:00Z,True,True,,
193,2575306,22,9,666,Gil Vicente FC,GVFC,13,372,SC Braga,SCB,2,1,2026-02-14T20:30:00Z,True,True,,
191,2575309,22,5,2003,CD Nacional,CDN,16,201,FC Porto,FCP,0,1,2026-02-15T15:30:00Z,True,True,,
190,2575308,22,2,20477,AFS,AFS,6,2273,Estoril Praia,EPF,3,0,2026-02-15T18:00:00Z,True,True,,
196,2575304,22,14,255,Sporting CP,SCP,8,6644,FC Famalicão,FCF,1,0,2026-02-15T20:30:00Z,True,True,,
194,2575305,22,11,2847,Rio Ave FC,RAFC,10,3536,Moreirense FC,MFC,1,2,2026-02-16T20:15:00Z,True,True,,
203,2575313,23,7,17370,Estrela Amadora,CFEA,18,6685,CD Tondela,CDT,0,2,2026-02-20T20:45:00Z,True,True,,
199,2575314,23,17,3531,FC Alverca,ALV,12,3084,Santa Clara,CDSC,1,1,2026-02-21T15:30:00Z,True,True,,
200,2575315,23,1,5674,FC Arouca,FCA,5,2003,CD Nacional,CDN,3,0,2026-02-21T15:30:00Z,True,True,,
206,2575317,23,10,3536,Moreirense FC,MFC,14,255,Sporting CP,SCP,0,3,2026-02-21T18:00:00Z,True,True,,
201,2575310,23,3,251,SL Benfica,SLB,2,20477,AFS,AFS,3,0,2026-02-21T18:00:00Z,True,True,,
207,2575318,23,13,372,SC Braga,SCB,15,371,Vitória SC,VSC,3,2,2026-02-21T20:30:00Z,True,True,,
202,2575312,23,6,2273,Estoril Praia,EPF,9,666,Gil Vicente FC,GVFC,3,1,2026-02-22T18:00:00Z,True,True,,
204,2575316,23,16,201,FC Porto,FCP,11,2847,Rio Ave FC,RAFC,1,0,2026-02-22T20:30:00Z,True,True,,
205,2575311,23,8,6644,FC Famalicão,FCF,4,5191,Casa Pia AC,CPAC,2,0,2026-02-23T20:15:00Z,True,True,,
211,2575321,24,16,201,FC Porto,FCP,1,5674,FC Arouca,FCA,3,1,2026-02-27T18:45:00Z,True,True,,
214,2575319,24,14,255,Sporting CP,SCP,6,2273,Estoril Praia,EPF,3,0,2026-02-27T20:45:00Z,True,True,,
208,2575326,24,2,20477,AFS,AFS,7,17370,Estrela Amadora,CFEA,0,0,2026-02-28T15:30:00Z,True,True,,
209,2575324,24,5,2003,CD Nacional,CDN,13,372,SC Braga,SCB,1,2,2026-02-28T18:00:00Z,True,True,,
216,2575320,24,15,371,Vitória SC,VSC,17,3531,FC Alverca,ALV,1,1,2026-02-28T20:30:00Z,True,True,,
215,2575323,24,18,6685,CD Tondela,CDT,12,3084,Santa Clara,CDSC,2,2,2026-03-01T15:30:00Z,True,True,,
210,2575327,24,4,5191,Casa Pia AC,CPAC,10,3536,Moreirense FC,MFC,1,1,2026-03-01T18:00:00Z,True,True,,
213,2575322,24,11,2847,Rio Ave FC,RAFC,8,6644,FC Famalicão,FCF,0,0,2026-03-01T20:30:00Z,True,True,,
212,2575325,24,9,666,Gil Vicente FC,GVFC,3,251,SL Benfica,SLB,1,2,2026-03-02T20:15:00Z,True,True,,
221,2575330,25,8,6644,FC Famalicão,FCF,1,5674,FC Arouca,FCA,1,0,2026-03-06T20:15:00Z,True,True,,
217,2575328,25,17,3531,FC Alverca,ALV,2,20477,AFS,AFS,0,0,2026-03-07T15:30:00Z,True,True,,
222,2575333,25,10,3536,Moreirense FC,MFC,5,2003,CD Nacional,CDN,1,1,2026-03-07T15:30:00Z,True,True,,
224,2575335,25,13,372,SC Braga,SCB,14,255,Sporting CP,SCP,2,2,2026-03-07T18:00:00Z,True,True,,
219,2575329,25,6,2273,Estoril Praia,EPF,4,5191,Casa Pia AC,CPAC,0,0,2026-03-07T20:30:00Z,True,True,,
220,2575332,25,7,17370,Estrela Amadora,CFEA,9,666,Gil Vicente FC,GVFC,2,2,2026-03-08T15:30:00Z,True,True,,
218,2575336,25,3,251,SL Benfica,SLB,16,201,FC Porto,FCP,2,2,2026-03-08T18:00:00Z,True,True,,
223,2575334,25,12,3084,Santa Clara,CDSC,15,371,Vitória SC,VSC,2,0,2026-03-08T20:30:00Z,True,True,,
225,2575331,25,18,6685,CD Tondela,CDT,11,2847,Rio Ave FC,RAFC,0,1,2026-03-09T20:15:00Z,True,True,,
234,2575340,26,15,371,Vitória SC,VSC,8,6644,FC Famalicão,FCF,1,2,2026-03-14T15:30:00Z,True,True,,
231,2575339,26,9,666,Gil Vicente FC,GVFC,17,3531,FC Alverca,ALV,2,2,2026-03-14T18:00:00Z,True,True,,
227,2575344,26,1,5674,FC Arouca,FCA,3,251,SL Benfica,SLB,1,2,2026-03-14T20:30:00Z,True,True,,
226,2575343,26,2,20477,AFS,AFS,12,3084,Santa Clara,CDSC,0,1,2026-03-15T15:30:00Z,True,True,,
228,2575337,26,5,2003,CD Nacional,CDN,6,2273,Estoril Praia,EPF,0,1,2026-03-15T15:30:00Z,True,True,,
232,2575338,26,11,2847,Rio Ave FC,RAFC,7,17370,Estrela Amadora,CFEA,2,1,2026-03-15T18:00:00Z,True,True,,
230,2575341,26,16,201,FC Porto,FCP,10,3536,Moreirense FC,MFC,3,0,2026-03-15T20:30:00Z,True,True,,
238,2575347,27,7,17370,Estrela Amadora,CFEA,4,5191,Casa Pia AC,CPAC,4,0,2026-03-20T20:15:00Z,True,True,,
239,2575351,27,8,6644,FC Famalicão,FCF,5,2003,CD Nacional,CDN,1,0,2026-03-21T15:30:00Z,True,True,,
240,2575348,27,10,3536,Moreirense FC,MFC,1,5674,FC Arouca,FCA,0,1,2026-03-21T15:30:00Z,True,True,,
241,2575352,27,12,3084,Santa Clara,CDSC,9,666,Gil Vicente FC,GVFC,1,0,2026-03-21T18:00:00Z,True,True,,
236,2575354,27,3,251,SL Benfica,SLB,15,371,Vitória SC,VSC,3,0,2026-03-21T18:00:00Z,True,True,,
243,2575346,27,18,6685,CD Tondela,CDT,2,20477,AFS,AFS,0,0,2026-03-21T20:30:00Z,True,True,,
237,2575349,27,6,2273,Estoril Praia,EPF,11,2847,Rio Ave FC,RAFC,1,2,2026-03-22T15:30:00Z,True,True,,
235,2575350,27,17,3531,FC Alverca,ALV,14,255,Sporting CP,SCP,1,4,2026-03-22T18:00:00Z,True,True,,
242,2575353,27,13,372,SC Braga,SCB,16,201,FC Porto,FCP,1,2,2026-03-22T20:30:00Z,True,True,,
248,2575355,28,9,666,Gil Vicente FC,GVFC,2,20477,AFS,AFS,3,0,2026-04-03T14:30:00Z,True,True,,
252,2575363,28,15,371,Vitória SC,VSC,18,6685,CD Tondela,CDT,5,0,2026-04-03T17:00:00Z,True,True,,
251,2575359,28,14,255,Sporting CP,SCP,12,3084,Santa Clara,CDSC,4,2,2026-04-03T19:30:00Z,True,True,,
245,2575356,28,5,2003,CD Nacional,CDN,7,17370,Estrela Amadora,CFEA,2,0,2026-04-04T14:30:00Z,True,True,,
249,2575360,28,10,3536,Moreirense FC,MFC,13,372,SC Braga,SCB,0,1,2026-04-04T17:00:00Z,True,True,,
250,2575357,28,11,2847,Rio Ave FC,RAFC,17,3531,FC Alverca,ALV,1,2,2026-04-04T17:00:00Z,True,True,,
247,2575358,28,16,201,FC Porto,FCP,8,6644,FC Famalicão,FCF,2,2,2026-04-04T19:30:00Z,True,True,,
244,2575362,28,1,5674,FC Arouca,FCA,6,2273,Estoril Praia,EPF,3,2,2026-04-06T17:45:00Z,True,True,,
246,2575361,28,4,5191,Casa Pia AC,CPAC,3,251,SL Benfica,SLB,1,1,2026-04-06T19:45:00Z,True,True,,
258,2575370,29,8,6644,FC Famalicão,FCF,10,3536,Moreirense FC,MFC,1,1,2026-04-10T19:45:00Z,True,True,,
253,2575366,29,2,20477,AFS,AFS,15,371,Vitória SC,VSC,1,1,2026-04-11T14:30:00Z,True,True,,
259,2575371,29,12,3084,Santa Clara,CDSC,11,2847,Rio Ave FC,RAFC,0,2,2026-04-11T17:00:00Z,True,True,,
257,2575368,29,7,17370,Estrela Amadora,CFEA,14,255,Sporting CP,SCP,0,1,2026-04-11T19:30:00Z,True,True,,
254,2575369,29,17,3531,FC Alverca,ALV,4,5191,Casa Pia AC,CPAC,3,1,2026-04-12T14:30:00Z,True,True,,
255,2575372,29,3,251,SL Benfica,SLB,5,2003,CD Nacional,CDN,2,0,2026-04-12T17:00:00Z,True,True,,
260,2575364,29,13,372,SC Braga,SCB,1,5674,FC Arouca,FCA,1,0,2026-04-12T17:00:00Z,True,True,,
256,2575367,29,6,2273,Estoril Praia,EPF,16,201,FC Porto,FCP,1,3,2026-04-12T19:30:00Z,True,True,,
261,2575365,29,18,6685,CD Tondela,CDT,9,666,Gil Vicente FC,GVFC,2,2,2026-04-13T19:15:00Z,True,True,,
268,2575373,30,11,2847,Rio Ave FC,RAFC,2,20477,AFS,AFS,2,2,2026-04-17T19:45:00Z,True,True,,
263,2575375,30,5,2003,CD Nacional,CDN,17,3531,FC Alverca,ALV,1,0,2026-04-18T14:30:00Z,True,True,,
264,2575376,30,4,5191,Casa Pia AC,CPAC,12,3084,Santa Clara,CDSC,0,0,2026-04-18T17:00:00Z,True,True,,
266,2575378,30,9,666,Gil Vicente FC,GVFC,15,371,Vitória SC,VSC,0,1,2026-04-18T19:30:00Z,True,True,,
262,2575379,30,1,5674,FC Arouca,FCA,7,17370,Estrela Amadora,CFEA,1,0,2026-04-19T14:30:00Z,True,True,,
270,2575377,30,14,255,Sporting CP,SCP,3,251,SL Benfica,SLB,1,2,2026-04-19T17:15:00Z,True,True,,
265,2575380,30,16,201,FC Porto,FCP,18,6685,CD Tondela,CDT,2,0,2026-04-19T19:30:00Z,True,True,,
269,2575381,30,13,372,SC Braga,SCB,8,6644,FC Famalicão,FCF,2,2,2026-04-19T19:30:00Z,True,True,,
267,2575374,30,10,3536,Moreirense FC,MFC,6,2273,Estoril Praia,EPF,1,0,2026-04-20T19:15:00Z,True,True,,
229,2575342,30,4,5191,Casa Pia AC,CPAC,13,372,SC Braga,SCB,0,1,2026-04-23T18:00:00Z,True,True,,
272,2575388,31,17,3531,FC Alverca,ALV,1,5674,FC Arouca,FCA,2,1,2026-04-24T19:15:00Z,True,True,,
278,2575383,31,18,6685,CD Tondela,CDT,5,2003,CD Nacional,CDN,0,2,2026-04-25T14:30:00Z,True,True,,
273,2575389,31,3,251,SL Benfica,SLB,10,3536,Moreirense FC,MFC,4,1,2026-04-25T17:00:00Z,True,True,,
279,2575390,31,15,371,Vitória SC,VSC,11,2847,Rio Ave FC,RAFC,2,0,2026-04-25T19:30:00Z,True,True,,
274,2575386,31,6,2273,Estoril Praia,EPF,8,6644,FC Famalicão,FCF,0,1,2026-04-26T14:30:00Z,True,True,,
275,2575387,31,7,17370,Estrela Amadora,CFEA,16,201,FC Porto,FCP,1,2,2026-04-26T17:00:00Z,True,True,,
277,2575384,31,12,3084,Santa Clara,CDSC,13,372,SC Braga,SCB,2,1,2026-04-26T17:00:00Z,True,True,,
271,2575385,31,2,20477,AFS,AFS,14,255,Sporting CP,SCP,1,1,2026-04-26T19:30:00Z,True,True,,
276,2575382,31,9,666,Gil Vicente FC,GVFC,4,5191,Casa Pia AC,CPAC,2,1,2026-04-27T19:15:00Z,True,True,,
233,2575345,31,14,255,Sporting CP,SCP,18,6685,CD Tondela,CDT,2,2,2026-04-29T19:15:00Z,True,True,,
281,2575391,32,5,2003,CD Nacional,CDN,2,20477,AFS,AFS,1,2,2026-05-02T14:30:00Z,True,True,,
280,2575398,32,1,5674,FC Arouca,FCA,12,3084,Santa Clara,CDSC,2,2,2026-05-02T14:30:00Z,True,True,,
285,2575392,32,10,3536,Moreirense FC,MFC,7,17370,Estrela Amadora,CFEA,3,2,2026-05-02T14:30:00Z,True,True,,
284,2575395,32,8,6644,FC Famalicão,FCF,3,251,SL Benfica,SLB,2,2,2026-05-02T17:00:00Z,True,True,,
283,2575393,32,16,201,FC Porto,FCP,17,3531,FC Alverca,ALV,1,0,2026-05-02T19:30:00Z,True,True,,
282,2575397,32,4,5191,Casa Pia AC,CPAC,18,6685,CD Tondela,CDT,0,1,2026-05-03T14:30:00Z,True,True,,
287,2575399,32,13,372,SC Braga,SCB,6,2273,Estoril Praia,EPF,1,1,2026-05-03T17:00:00Z,True,True,,
286,2575394,32,11,2847,Rio Ave FC,RAFC,9,666,Gil Vicente FC,GVFC,0,0,2026-05-03T19:30:00Z,True,True,,
288,2575396,32,14,255,Sporting CP,SCP,15,371,Vitória SC,VSC,5,1,2026-05-04T19:15:00Z,True,True,,
289,2575403,33,2,20477,AFS,AFS,16,201,FC Porto,FCP,3,1,2026-05-10T17:00:00Z,True,True,,
290,2575405,33,17,3531,FC Alverca,ALV,6,2273,Estoril Praia,EPF,1,1,2026-05-10T19:30:00Z,True,True,,
296,2575402,33,18,6685,CD Tondela,CDT,10,3536,Moreirense FC,MFC,2,0,2026-05-11T19:15:00Z,True,True,,
292,2575404,33,7,17370,Estrela Amadora,CFEA,8,6644,FC Famalicão,FCF,0,0,2026-05-11T19:15:00Z,True,True,,
293,2575401,33,9,666,Gil Vicente FC,GVFC,1,5674,FC Arouca,FCA,1,3,2026-05-11T19:15:00Z,True,True,,
294,2575406,33,11,2847,Rio Ave FC,RAFC,14,255,Sporting CP,SCP,1,4,2026-05-11T19:15:00Z,True,True,,
295,2575407,33,12,3084,Santa Clara,CDSC,5,2003,CD Nacional,CDN,2,0,2026-05-11T19:15:00Z,True,True,,
291,2575408,33,3,251,SL Benfica,SLB,13,372,SC Braga,SCB,2,2,2026-05-11T19:15:00Z,True,True,,
297,2575400,33,15,371,Vitória SC,VSC,4,5191,Casa Pia AC,CPAC,0,1,2026-05-11T19:15:00Z,True,True,,
302,2575412,34,16,201,FC Porto,FCP,12,3084,Santa Clara,CDSC,1,0,2026-05-16T14:30:00Z,True,True,,
304,2575409,34,10,3536,Moreirense FC,MFC,2,20477,AFS,AFS,0,0,2026-05-16T14:30:00Z,True,True,,
300,2575415,34,4,5191,Casa Pia AC,CPAC,11,2847,Rio Ave FC,RAFC,1,1,2026-05-16T17:00:00Z,True,True,,
299,2575414,34,5,2003,CD Nacional,CDN,15,371,Vitória SC,VSC,2,0,2026-05-16T17:00:00Z,True,True,,
298,2575416,34,1,5674,FC Arouca,FCA,18,6685,CD Tondela,CDT,3,1,2026-05-16T17:00:00Z,True,True,,
305,2575417,34,13,372,SC Braga,SCB,7,17370,Estrela Amadora,CFEA,2,2,2026-05-16T17:00:00Z,True,True,,
301,2575413,34,6,2273,Estoril Praia,EPF,3,251,SL Benfica,SLB,1,3,2026-05-16T19:30:00Z,True,True,,
303,2575410,34,8,6644,FC Famalicão,FCF,17,3531,FC Alverca,ALV,1,0,2026-05-16T19:30:00Z,True,True,,
306,2575411,34,14,255,Sporting CP,SCP,9,666,Gil Vicente FC,GVFC,3,0,2026-05-16T19:30:00Z,True,True,,
